,top_n,thresholds,jaccard_index,net_counter,type
0,2,1,1.0,0,SignifiKANTE (BH-adj)
1,2,1,1.0,0,SignifiKANTE
2,5,2,1.0,0,SignifiKANTE (BH-adj)
3,5,2,1.0,0,SignifiKANTE
4,8,3,1.0,0,SignifiKANTE (BH-adj)
5,8,3,1.0,0,SignifiKANTE
6,11,4,1.0,0,SignifiKANTE (BH-adj)
7,11,4,1.0,0,SignifiKANTE
8,13,5,1.0,0,SignifiKANTE (BH-adj)
9,13,5,1.0,0,SignifiKANTE
10,16,6,1.0,0,SignifiKANTE (BH-adj)
11,16,6,1.0,0,SignifiKANTE
12,19,7,1.0,0,SignifiKANTE (BH-adj)
13,19,7,1.0,0,SignifiKANTE
14,22,8,1.0,0,SignifiKANTE (BH-adj)
15,22,8,1.0,0,SignifiKANTE
16,24,9,1.0,0,SignifiKANTE (BH-adj)
17,24,9,1.0,0,SignifiKANTE
18,27,10,1.0,0,SignifiKANTE (BH-adj)
19,27,10,1.0,0,SignifiKANTE
20,55,20,1.0,0,SignifiKANTE (BH-adj)
21,55,20,1.0,0,SignifiKANTE
22,82,30,0.9634146341463414,0,SignifiKANTE (BH-adj)
23,82,30,1.0,0,SignifiKANTE
24,110,40,0.7545454545454545,0,SignifiKANTE (BH-adj)
25,110,40,0.9818181818181818,0,SignifiKANTE
26,138,50,0.6304347826086957,0,SignifiKANTE (BH-adj)
27,138,50,0.855072463768116,0,SignifiKANTE
28,165,60,0.5272727272727272,0,SignifiKANTE (BH-adj)
29,165,60,0.7757575757575758,0,SignifiKANTE
30,193,70,0.4507772020725388,0,SignifiKANTE (BH-adj)
31,193,70,0.6683937823834197,0,SignifiKANTE
32,220,80,0.3954545454545454,0,SignifiKANTE (BH-adj)
33,220,80,0.5863636363636363,0,SignifiKANTE
34,248,90,0.3508064516129032,0,SignifiKANTE (BH-adj)
35,248,90,0.5201612903225806,0,SignifiKANTE
36,276,100,0.3152173913043478,0,SignifiKANTE (BH-adj)
37,276,100,0.4673913043478261,0,SignifiKANTE
38,2,1,1.0,1,SignifiKANTE (BH-adj)
39,2,1,1.0,1,SignifiKANTE
40,4,2,1.0,1,SignifiKANTE (BH-adj)
41,4,2,1.0,1,SignifiKANTE
42,7,3,1.0,1,SignifiKANTE (BH-adj)
43,7,3,1.0,1,SignifiKANTE
44,9,4,1.0,1,SignifiKANTE (BH-adj)
45,9,4,1.0,1,SignifiKANTE
46,12,5,1.0,1,SignifiKANTE (BH-adj)
47,12,5,1.0,1,SignifiKANTE
48,14,6,1.0,1,SignifiKANTE (BH-adj)
49,14,6,1.0,1,SignifiKANTE
50,17,7,1.0,1,SignifiKANTE (BH-adj)
51,17,7,1.0,1,SignifiKANTE
52,19,8,1.0,1,SignifiKANTE (BH-adj)
53,19,8,1.0,1,SignifiKANTE
54,22,9,1.0,1,SignifiKANTE (BH-adj)
55,22,9,1.0,1,SignifiKANTE
56,24,10,1.0,1,SignifiKANTE (BH-adj)
57,24,10,1.0,1,SignifiKANTE
58,49,20,1.0,1,SignifiKANTE (BH-adj)
59,49,20,1.0,1,SignifiKANTE
60,73,30,1.0,1,SignifiKANTE (BH-adj)
61,73,30,1.0,1,SignifiKANTE
62,98,40,1.0,1,SignifiKANTE (BH-adj)
63,98,40,1.0,1,SignifiKANTE
64,122,50,1.0,1,SignifiKANTE (BH-adj)
65,122,50,1.0,1,SignifiKANTE
66,147,60,1.0,1,SignifiKANTE (BH-adj)
67,147,60,1.0,1,SignifiKANTE
68,171,70,1.0,1,SignifiKANTE (BH-adj)
69,171,70,1.0,1,SignifiKANTE
70,196,80,0.8826530612244898,1,SignifiKANTE (BH-adj)
71,196,80,0.9285714285714286,1,SignifiKANTE
72,220,90,0.7863636363636364,1,SignifiKANTE (BH-adj)
73,220,90,0.8272727272727273,1,SignifiKANTE
74,245,100,0.7061224489795919,1,SignifiKANTE (BH-adj)
75,245,100,0.7428571428571429,1,SignifiKANTE
76,1,1,1.0,2,SignifiKANTE (BH-adj)
77,1,1,1.0,2,SignifiKANTE
78,3,2,1.0,2,SignifiKANTE (BH-adj)
79,3,2,1.0,2,SignifiKANTE
80,5,3,1.0,2,SignifiKANTE (BH-adj)
81,5,3,1.0,2,SignifiKANTE
82,7,4,1.0,2,SignifiKANTE (BH-adj)
83,7,4,1.0,2,SignifiKANTE
84,9,5,1.0,2,SignifiKANTE (BH-adj)
85,9,5,1.0,2,SignifiKANTE
86,11,6,1.0,2,SignifiKANTE (BH-adj)
87,11,6,1.0,2,SignifiKANTE
88,13,7,1.0,2,SignifiKANTE (BH-adj)
89,13,7,1.0,2,SignifiKANTE
90,15,8,1.0,2,SignifiKANTE (BH-adj)
91,15,8,1.0,2,SignifiKANTE
92,17,9,1.0,2,SignifiKANTE (BH-adj)
93,17,9,1.0,2,SignifiKANTE
94,19,10,1.0,2,SignifiKANTE (BH-adj)
95,19,10,1.0,2,SignifiKANTE
96,39,20,1.0,2,SignifiKANTE (BH-adj)
97,39,20,1.0,2,SignifiKANTE
98,58,30,0.8275862068965517,2,SignifiKANTE (BH-adj)
99,58,30,1.0,2,SignifiKANTE
100,78,40,0.6153846153846154,2,SignifiKANTE (BH-adj)
101,78,40,0.935897435897436,2,SignifiKANTE
102,97,50,0.4948453608247423,2,SignifiKANTE (BH-adj)
103,97,50,0.7835051546391752,2,SignifiKANTE
104,117,60,0.4102564102564102,2,SignifiKANTE (BH-adj)
105,117,60,0.6495726495726496,2,SignifiKANTE
106,136,70,0.3529411764705882,2,SignifiKANTE (BH-adj)
107,136,70,0.5588235294117647,2,SignifiKANTE
108,156,80,0.3076923076923077,2,SignifiKANTE (BH-adj)
109,156,80,0.4871794871794871,2,SignifiKANTE
110,175,90,0.2742857142857143,2,SignifiKANTE (BH-adj)
111,175,90,0.4342857142857143,2,SignifiKANTE
112,195,100,0.2461538461538461,2,SignifiKANTE (BH-adj)
113,195,100,0.3897435897435897,2,SignifiKANTE
114,5,1,1.0,3,SignifiKANTE (BH-adj)
115,5,1,1.0,3,SignifiKANTE
116,10,2,1.0,3,SignifiKANTE (BH-adj)
117,10,2,1.0,3,SignifiKANTE
118,16,3,1.0,3,SignifiKANTE (BH-adj)
119,16,3,1.0,3,SignifiKANTE
120,21,4,1.0,3,SignifiKANTE (BH-adj)
121,21,4,1.0,3,SignifiKANTE
122,27,5,1.0,3,SignifiKANTE (BH-adj)
123,27,5,1.0,3,SignifiKANTE
124,32,6,1.0,3,SignifiKANTE (BH-adj)
125,32,6,1.0,3,SignifiKANTE
126,38,7,1.0,3,SignifiKANTE (BH-adj)
127,38,7,1.0,3,SignifiKANTE
128,43,8,1.0,3,SignifiKANTE (BH-adj)
129,43,8,1.0,3,SignifiKANTE
130,49,9,1.0,3,SignifiKANTE (BH-adj)
131,49,9,1.0,3,SignifiKANTE
132,54,10,1.0,3,SignifiKANTE (BH-adj)
133,54,10,1.0,3,SignifiKANTE
134,109,20,1.0,3,SignifiKANTE (BH-adj)
135,109,20,1.0,3,SignifiKANTE
136,163,30,1.0,3,SignifiKANTE (BH-adj)
137,163,30,1.0,3,SignifiKANTE
138,218,40,1.0,3,SignifiKANTE (BH-adj)
139,218,40,1.0,3,SignifiKANTE
140,272,50,0.9816176470588236,3,SignifiKANTE (BH-adj)
141,272,50,1.0,3,SignifiKANTE
142,327,60,0.8348623853211009,3,SignifiKANTE (BH-adj)
143,327,60,0.9785932721712538,3,SignifiKANTE
144,381,70,0.7165354330708661,3,SignifiKANTE (BH-adj)
145,381,70,0.8530183727034121,3,SignifiKANTE
146,436,80,0.6261467889908257,3,SignifiKANTE (BH-adj)
147,436,80,0.7454128440366973,3,SignifiKANTE
148,490,90,0.5571428571428572,3,SignifiKANTE (BH-adj)
149,490,90,0.6632653061224489,3,SignifiKANTE
150,545,100,0.5009174311926605,3,SignifiKANTE (BH-adj)
151,545,100,0.5963302752293578,3,SignifiKANTE
152,5,1,1.0,4,SignifiKANTE (BH-adj)
153,5,1,1.0,4,SignifiKANTE
154,11,2,1.0,4,SignifiKANTE (BH-adj)
155,11,2,1.0,4,SignifiKANTE
156,17,3,1.0,4,SignifiKANTE (BH-adj)
157,17,3,1.0,4,SignifiKANTE
158,23,4,1.0,4,SignifiKANTE (BH-adj)
159,23,4,1.0,4,SignifiKANTE
160,29,5,1.0,4,SignifiKANTE (BH-adj)
161,29,5,1.0,4,SignifiKANTE
162,35,6,1.0,4,SignifiKANTE (BH-adj)
163,35,6,1.0,4,SignifiKANTE
164,41,7,1.0,4,SignifiKANTE (BH-adj)
165,41,7,1.0,4,SignifiKANTE
166,47,8,1.0,4,SignifiKANTE (BH-adj)
167,47,8,1.0,4,SignifiKANTE
168,53,9,1.0,4,SignifiKANTE (BH-adj)
169,53,9,1.0,4,SignifiKANTE
170,59,10,1.0,4,SignifiKANTE (BH-adj)
171,59,10,1.0,4,SignifiKANTE
172,119,20,1.0,4,SignifiKANTE (BH-adj)
173,119,20,1.0,4,SignifiKANTE
174,178,30,1.0,4,SignifiKANTE (BH-adj)
175,178,30,1.0,4,SignifiKANTE
176,238,40,1.0,4,SignifiKANTE (BH-adj)
177,238,40,1.0,4,SignifiKANTE
178,297,50,1.0,4,SignifiKANTE (BH-adj)
179,297,50,1.0,4,SignifiKANTE
180,357,60,0.9943977591036416,4,SignifiKANTE (BH-adj)
181,357,60,1.0,4,SignifiKANTE
182,416,70,0.8870192307692307,4,SignifiKANTE (BH-adj)
183,416,70,0.9495192307692308,4,SignifiKANTE
184,476,80,0.7752100840336135,4,SignifiKANTE (BH-adj)
185,476,80,0.8298319327731093,4,SignifiKANTE
186,535,90,0.6897196261682244,4,SignifiKANTE (BH-adj)
187,535,90,0.7383177570093458,4,SignifiKANTE
188,595,100,0.6201680672268908,4,SignifiKANTE (BH-adj)
189,595,100,0.6638655462184874,4,SignifiKANTE
190,6,1,1.0,5,SignifiKANTE (BH-adj)
191,6,1,1.0,5,SignifiKANTE
192,13,2,1.0,5,SignifiKANTE (BH-adj)
193,13,2,1.0,5,SignifiKANTE
194,20,3,1.0,5,SignifiKANTE (BH-adj)
195,20,3,1.0,5,SignifiKANTE
196,27,4,1.0,5,SignifiKANTE (BH-adj)
197,27,4,1.0,5,SignifiKANTE
198,34,5,1.0,5,SignifiKANTE (BH-adj)
199,34,5,1.0,5,SignifiKANTE
200,41,6,1.0,5,SignifiKANTE (BH-adj)
201,41,6,1.0,5,SignifiKANTE
202,48,7,1.0,5,SignifiKANTE (BH-adj)
203,48,7,1.0,5,SignifiKANTE
204,55,8,1.0,5,SignifiKANTE (BH-adj)
205,55,8,1.0,5,SignifiKANTE
206,62,9,1.0,5,SignifiKANTE (BH-adj)
207,62,9,1.0,5,SignifiKANTE
208,69,10,1.0,5,SignifiKANTE (BH-adj)
209,69,10,1.0,5,SignifiKANTE
210,139,20,1.0,5,SignifiKANTE (BH-adj)
211,139,20,1.0,5,SignifiKANTE
212,208,30,1.0,5,SignifiKANTE (BH-adj)
213,208,30,1.0,5,SignifiKANTE
214,278,40,1.0,5,SignifiKANTE (BH-adj)
215,278,40,1.0,5,SignifiKANTE
216,347,50,1.0,5,SignifiKANTE (BH-adj)
217,347,50,1.0,5,SignifiKANTE
218,417,60,1.0,5,SignifiKANTE (BH-adj)
219,417,60,1.0,5,SignifiKANTE
220,486,70,1.0,5,SignifiKANTE (BH-adj)
221,486,70,1.0,5,SignifiKANTE
222,556,80,0.8992805755395683,5,SignifiKANTE (BH-adj)
223,556,80,0.9262589928057554,5,SignifiKANTE
224,625,90,0.8,5,SignifiKANTE (BH-adj)
225,625,90,0.824,5,SignifiKANTE
226,695,100,0.7194244604316546,5,SignifiKANTE (BH-adj)
227,695,100,0.7410071942446043,5,SignifiKANTE
228,1,1,1.0,6,SignifiKANTE (BH-adj)
229,1,1,1.0,6,SignifiKANTE
230,2,2,1.0,6,SignifiKANTE (BH-adj)
231,2,2,1.0,6,SignifiKANTE
232,4,3,1.0,6,SignifiKANTE (BH-adj)
233,4,3,1.0,6,SignifiKANTE
234,5,4,1.0,6,SignifiKANTE (BH-adj)
235,5,4,1.0,6,SignifiKANTE
236,7,5,1.0,6,SignifiKANTE (BH-adj)
237,7,5,1.0,6,SignifiKANTE
238,8,6,1.0,6,SignifiKANTE (BH-adj)
239,8,6,1.0,6,SignifiKANTE
240,10,7,1.0,6,SignifiKANTE (BH-adj)
241,10,7,1.0,6,SignifiKANTE
242,11,8,1.0,6,SignifiKANTE (BH-adj)
243,11,8,1.0,6,SignifiKANTE
244,13,9,1.0,6,SignifiKANTE (BH-adj)
245,13,9,1.0,6,SignifiKANTE
246,14,10,1.0,6,SignifiKANTE (BH-adj)
247,14,10,1.0,6,SignifiKANTE
248,29,20,1.0,6,SignifiKANTE (BH-adj)
249,29,20,1.0,6,SignifiKANTE
250,43,30,1.0,6,SignifiKANTE (BH-adj)
251,43,30,1.0,6,SignifiKANTE
252,58,40,0.7931034482758621,6,SignifiKANTE (BH-adj)
253,58,40,1.0,6,SignifiKANTE
254,72,50,0.6388888888888888,6,SignifiKANTE (BH-adj)
255,72,50,0.8194444444444444,6,SignifiKANTE
256,87,60,0.5287356321839081,6,SignifiKANTE (BH-adj)
257,87,60,0.6781609195402298,6,SignifiKANTE
258,101,70,0.4554455445544554,6,SignifiKANTE (BH-adj)
259,101,70,0.5841584158415841,6,SignifiKANTE
260,116,80,0.396551724137931,6,SignifiKANTE (BH-adj)
261,116,80,0.5086206896551724,6,SignifiKANTE
262,130,90,0.3538461538461538,6,SignifiKANTE (BH-adj)
263,130,90,0.4538461538461538,6,SignifiKANTE
264,145,100,0.3172413793103448,6,SignifiKANTE (BH-adj)
265,145,100,0.4068965517241379,6,SignifiKANTE
266,3,1,1.0,7,SignifiKANTE (BH-adj)
267,3,1,1.0,7,SignifiKANTE
268,7,2,1.0,7,SignifiKANTE (BH-adj)
269,7,2,1.0,7,SignifiKANTE
270,11,3,1.0,7,SignifiKANTE (BH-adj)
271,11,3,1.0,7,SignifiKANTE
272,15,4,1.0,7,SignifiKANTE (BH-adj)
273,15,4,1.0,7,SignifiKANTE
274,19,5,1.0,7,SignifiKANTE (BH-adj)
275,19,5,1.0,7,SignifiKANTE
276,23,6,1.0,7,SignifiKANTE (BH-adj)
277,23,6,1.0,7,SignifiKANTE
278,27,7,1.0,7,SignifiKANTE (BH-adj)
279,27,7,1.0,7,SignifiKANTE
280,31,8,0.935483870967742,7,SignifiKANTE (BH-adj)
281,31,8,1.0,7,SignifiKANTE
282,35,9,0.9142857142857144,7,SignifiKANTE (BH-adj)
283,35,9,1.0,7,SignifiKANTE
284,39,10,0.8205128205128205,7,SignifiKANTE (BH-adj)
285,39,10,1.0,7,SignifiKANTE
286,79,20,0.4050632911392405,7,SignifiKANTE (BH-adj)
287,79,20,1.0,7,SignifiKANTE
288,118,30,0.2711864406779661,7,SignifiKANTE (BH-adj)
289,118,30,1.0,7,SignifiKANTE
290,158,40,0.2025316455696202,7,SignifiKANTE (BH-adj)
291,158,40,0.8291139240506329,7,SignifiKANTE
292,197,50,0.1624365482233502,7,SignifiKANTE (BH-adj)
293,197,50,0.6700507614213198,7,SignifiKANTE
294,237,60,0.1350210970464135,7,SignifiKANTE (BH-adj)
295,237,60,0.5569620253164557,7,SignifiKANTE
296,276,70,0.1159420289855072,7,SignifiKANTE (BH-adj)
297,276,70,0.4782608695652174,7,SignifiKANTE
298,316,80,0.1012658227848101,7,SignifiKANTE (BH-adj)
299,316,80,0.4177215189873418,7,SignifiKANTE
300,355,90,0.0901408450704225,7,SignifiKANTE (BH-adj)
301,355,90,0.3718309859154929,7,SignifiKANTE
302,395,100,0.0810126582278481,7,SignifiKANTE (BH-adj)
303,395,100,0.3341772151898734,7,SignifiKANTE
304,1,1,1.0,8,SignifiKANTE (BH-adj)
305,1,1,1.0,8,SignifiKANTE
306,3,2,1.0,8,SignifiKANTE (BH-adj)
307,3,2,1.0,8,SignifiKANTE
308,5,3,1.0,8,SignifiKANTE (BH-adj)
309,5,3,1.0,8,SignifiKANTE
310,7,4,1.0,8,SignifiKANTE (BH-adj)
311,7,4,1.0,8,SignifiKANTE
312,9,5,1.0,8,SignifiKANTE (BH-adj)
313,9,5,1.0,8,SignifiKANTE
314,11,6,1.0,8,SignifiKANTE (BH-adj)
315,11,6,1.0,8,SignifiKANTE
316,13,7,1.0,8,SignifiKANTE (BH-adj)
317,13,7,1.0,8,SignifiKANTE
318,15,8,1.0,8,SignifiKANTE (BH-adj)
319,15,8,1.0,8,SignifiKANTE
320,17,9,1.0,8,SignifiKANTE (BH-adj)
321,17,9,1.0,8,SignifiKANTE
322,19,10,1.0,8,SignifiKANTE (BH-adj)
323,19,10,1.0,8,SignifiKANTE
324,39,20,1.0,8,SignifiKANTE (BH-adj)
325,39,20,1.0,8,SignifiKANTE
326,58,30,0.8448275862068966,8,SignifiKANTE (BH-adj)
327,58,30,1.0,8,SignifiKANTE
328,78,40,0.6282051282051282,8,SignifiKANTE (BH-adj)
329,78,40,0.9743589743589745,8,SignifiKANTE
330,97,50,0.5051546391752577,8,SignifiKANTE (BH-adj)
331,97,50,0.8969072164948454,8,SignifiKANTE
332,117,60,0.4188034188034188,8,SignifiKANTE (BH-adj)
333,117,60,0.7435897435897436,8,SignifiKANTE
334,136,70,0.3602941176470588,8,SignifiKANTE (BH-adj)
335,136,70,0.6397058823529411,8,SignifiKANTE
336,156,80,0.3141025641025641,8,SignifiKANTE (BH-adj)
337,156,80,0.5576923076923077,8,SignifiKANTE
338,175,90,0.28,8,SignifiKANTE (BH-adj)
339,175,90,0.4971428571428571,8,SignifiKANTE
340,195,100,0.2512820512820513,8,SignifiKANTE (BH-adj)
341,195,100,0.4461538461538462,8,SignifiKANTE
342,6,1,1.0,9,SignifiKANTE (BH-adj)
343,6,1,1.0,9,SignifiKANTE
344,13,2,1.0,9,SignifiKANTE (BH-adj)
345,13,2,1.0,9,SignifiKANTE
346,20,3,1.0,9,SignifiKANTE (BH-adj)
347,20,3,1.0,9,SignifiKANTE
348,27,4,1.0,9,SignifiKANTE (BH-adj)
349,27,4,1.0,9,SignifiKANTE
350,34,5,1.0,9,SignifiKANTE (BH-adj)
351,34,5,1.0,9,SignifiKANTE
352,41,6,1.0,9,SignifiKANTE (BH-adj)
353,41,6,1.0,9,SignifiKANTE
354,48,7,1.0,9,SignifiKANTE (BH-adj)
355,48,7,1.0,9,SignifiKANTE
356,55,8,1.0,9,SignifiKANTE (BH-adj)
357,55,8,1.0,9,SignifiKANTE
358,62,9,1.0,9,SignifiKANTE (BH-adj)
359,62,9,1.0,9,SignifiKANTE
360,69,10,1.0,9,SignifiKANTE (BH-adj)
361,69,10,1.0,9,SignifiKANTE
362,139,20,1.0,9,SignifiKANTE (BH-adj)
363,139,20,1.0,9,SignifiKANTE
364,208,30,1.0,9,SignifiKANTE (BH-adj)
365,208,30,1.0,9,SignifiKANTE
366,278,40,1.0,9,SignifiKANTE (BH-adj)
367,278,40,1.0,9,SignifiKANTE
368,347,50,1.0,9,SignifiKANTE (BH-adj)
369,347,50,1.0,9,SignifiKANTE
370,417,60,0.9712230215827338,9,SignifiKANTE (BH-adj)
371,417,60,1.0,9,SignifiKANTE
372,486,70,0.845679012345679,9,SignifiKANTE (BH-adj)
373,486,70,0.9362139917695472,9,SignifiKANTE
374,556,80,0.7392086330935251,9,SignifiKANTE (BH-adj)
375,556,80,0.8183453237410072,9,SignifiKANTE
376,625,90,0.6576,9,SignifiKANTE (BH-adj)
377,625,90,0.728,9,SignifiKANTE
378,695,100,0.5913669064748202,9,SignifiKANTE (BH-adj)
379,695,100,0.6546762589928058,9,SignifiKANTE
0,7,1,1.0,0,SignifiKANTE (BH-adj)
1,7,1,1.0,0,SignifiKANTE
2,15,2,1.0,0,SignifiKANTE (BH-adj)
3,15,2,1.0,0,SignifiKANTE
4,23,3,1.0,0,SignifiKANTE (BH-adj)
5,23,3,1.0,0,SignifiKANTE
6,31,4,1.0,0,SignifiKANTE (BH-adj)
7,31,4,1.0,0,SignifiKANTE
8,39,5,1.0,0,SignifiKANTE (BH-adj)
9,39,5,1.0,0,SignifiKANTE
10,47,6,1.0,0,SignifiKANTE (BH-adj)
11,47,6,1.0,0,SignifiKANTE
12,55,7,1.0,0,SignifiKANTE (BH-adj)
13,55,7,1.0,0,SignifiKANTE
14,63,8,1.0,0,SignifiKANTE (BH-adj)
15,63,8,1.0,0,SignifiKANTE
16,71,9,1.0,0,SignifiKANTE (BH-adj)
17,71,9,1.0,0,SignifiKANTE
18,79,10,1.0,0,SignifiKANTE (BH-adj)
19,79,10,1.0,0,SignifiKANTE
20,158,20,1.0,0,SignifiKANTE (BH-adj)
21,158,20,1.0,0,SignifiKANTE
22,237,30,1.0,0,SignifiKANTE (BH-adj)
23,237,30,1.0,0,SignifiKANTE
24,316,40,1.0,0,SignifiKANTE (BH-adj)
25,316,40,1.0,0,SignifiKANTE
26,395,50,0.9721518987341772,0,SignifiKANTE (BH-adj)
27,395,50,1.0,0,SignifiKANTE
28,474,60,0.8459915611814346,0,SignifiKANTE (BH-adj)
29,474,60,0.9493670886075948,0,SignifiKANTE
30,553,70,0.7251356238698011,0,SignifiKANTE (BH-adj)
31,553,70,0.8264014466546112,0,SignifiKANTE
32,632,80,0.634493670886076,0,SignifiKANTE (BH-adj)
33,632,80,0.7231012658227848,0,SignifiKANTE
34,711,90,0.5639943741209564,0,SignifiKANTE (BH-adj)
35,711,90,0.6427566807313643,0,SignifiKANTE
36,790,100,0.5075949367088608,0,SignifiKANTE (BH-adj)
37,790,100,0.5784810126582278,0,SignifiKANTE
38,15,1,1.0,1,SignifiKANTE (BH-adj)
39,15,1,1.0,1,SignifiKANTE
40,31,2,1.0,1,SignifiKANTE (BH-adj)
41,31,2,1.0,1,SignifiKANTE
42,47,3,1.0,1,SignifiKANTE (BH-adj)
43,47,3,1.0,1,SignifiKANTE
44,63,4,1.0,1,SignifiKANTE (BH-adj)
45,63,4,1.0,1,SignifiKANTE
46,79,5,1.0,1,SignifiKANTE (BH-adj)
47,79,5,1.0,1,SignifiKANTE
48,95,6,1.0,1,SignifiKANTE (BH-adj)
49,95,6,1.0,1,SignifiKANTE
50,111,7,1.0,1,SignifiKANTE (BH-adj)
51,111,7,1.0,1,SignifiKANTE
52,127,8,1.0,1,SignifiKANTE (BH-adj)
53,127,8,1.0,1,SignifiKANTE
54,143,9,1.0,1,SignifiKANTE (BH-adj)
55,143,9,1.0,1,SignifiKANTE
56,159,10,1.0,1,SignifiKANTE (BH-adj)
57,159,10,1.0,1,SignifiKANTE
58,318,20,1.0,1,SignifiKANTE (BH-adj)
59,318,20,1.0,1,SignifiKANTE
60,477,30,1.0,1,SignifiKANTE (BH-adj)
61,477,30,1.0,1,SignifiKANTE
62,636,40,1.0,1,SignifiKANTE (BH-adj)
63,636,40,1.0,1,SignifiKANTE
64,795,50,1.0,1,SignifiKANTE (BH-adj)
65,795,50,1.0,1,SignifiKANTE
66,954,60,1.0,1,SignifiKANTE (BH-adj)
67,954,60,1.0,1,SignifiKANTE
68,1113,70,1.0,1,SignifiKANTE (BH-adj)
69,1113,70,1.0,1,SignifiKANTE
70,1272,80,0.9268867924528302,1,SignifiKANTE (BH-adj)
71,1272,80,0.949685534591195,1,SignifiKANTE
72,1431,90,0.8238993710691824,1,SignifiKANTE (BH-adj)
73,1431,90,0.8441649196366178,1,SignifiKANTE
74,1590,100,0.7415094339622641,1,SignifiKANTE (BH-adj)
75,1590,100,0.759748427672956,1,SignifiKANTE
76,15,1,1.0,2,SignifiKANTE (BH-adj)
77,15,1,1.0,2,SignifiKANTE
78,31,2,1.0,2,SignifiKANTE (BH-adj)
79,31,2,1.0,2,SignifiKANTE
80,47,3,1.0,2,SignifiKANTE (BH-adj)
81,47,3,1.0,2,SignifiKANTE
82,63,4,1.0,2,SignifiKANTE (BH-adj)
83,63,4,1.0,2,SignifiKANTE
84,79,5,1.0,2,SignifiKANTE (BH-adj)
85,79,5,1.0,2,SignifiKANTE
86,95,6,1.0,2,SignifiKANTE (BH-adj)
87,95,6,1.0,2,SignifiKANTE
88,111,7,1.0,2,SignifiKANTE (BH-adj)
89,111,7,1.0,2,SignifiKANTE
90,127,8,1.0,2,SignifiKANTE (BH-adj)
91,127,8,1.0,2,SignifiKANTE
92,143,9,1.0,2,SignifiKANTE (BH-adj)
93,143,9,1.0,2,SignifiKANTE
94,159,10,1.0,2,SignifiKANTE (BH-adj)
95,159,10,1.0,2,SignifiKANTE
96,318,20,1.0,2,SignifiKANTE (BH-adj)
97,318,20,1.0,2,SignifiKANTE
98,477,30,1.0,2,SignifiKANTE (BH-adj)
99,477,30,1.0,2,SignifiKANTE
100,636,40,1.0,2,SignifiKANTE (BH-adj)
101,636,40,1.0,2,SignifiKANTE
102,795,50,1.0,2,SignifiKANTE (BH-adj)
103,795,50,1.0,2,SignifiKANTE
104,954,60,1.0,2,SignifiKANTE (BH-adj)
105,954,60,1.0,2,SignifiKANTE
106,1113,70,0.9649595687331536,2,SignifiKANTE (BH-adj)
107,1113,70,0.9883198562443846,2,SignifiKANTE
108,1272,80,0.8443396226415094,2,SignifiKANTE (BH-adj)
109,1272,80,0.8726415094339622,2,SignifiKANTE
110,1431,90,0.750524109014675,2,SignifiKANTE (BH-adj)
111,1431,90,0.7756813417190775,2,SignifiKANTE
112,1590,100,0.6754716981132075,2,SignifiKANTE (BH-adj)
113,1590,100,0.6981132075471698,2,SignifiKANTE
114,20,1,1.0,3,SignifiKANTE (BH-adj)
115,20,1,1.0,3,SignifiKANTE
116,41,2,1.0,3,SignifiKANTE (BH-adj)
117,41,2,1.0,3,SignifiKANTE
118,62,3,1.0,3,SignifiKANTE (BH-adj)
119,62,3,1.0,3,SignifiKANTE
120,83,4,1.0,3,SignifiKANTE (BH-adj)
121,83,4,1.0,3,SignifiKANTE
122,104,5,1.0,3,SignifiKANTE (BH-adj)
123,104,5,1.0,3,SignifiKANTE
124,125,6,1.0,3,SignifiKANTE (BH-adj)
125,125,6,1.0,3,SignifiKANTE
126,146,7,1.0,3,SignifiKANTE (BH-adj)
127,146,7,1.0,3,SignifiKANTE
128,167,8,1.0,3,SignifiKANTE (BH-adj)
129,167,8,1.0,3,SignifiKANTE
130,188,9,1.0,3,SignifiKANTE (BH-adj)
131,188,9,1.0,3,SignifiKANTE
132,209,10,1.0,3,SignifiKANTE (BH-adj)
133,209,10,1.0,3,SignifiKANTE
134,418,20,1.0,3,SignifiKANTE (BH-adj)
135,418,20,1.0,3,SignifiKANTE
136,627,30,1.0,3,SignifiKANTE (BH-adj)
137,627,30,1.0,3,SignifiKANTE
138,836,40,1.0,3,SignifiKANTE (BH-adj)
139,836,40,1.0,3,SignifiKANTE
140,1045,50,1.0,3,SignifiKANTE (BH-adj)
141,1045,50,1.0,3,SignifiKANTE
142,1254,60,1.0,3,SignifiKANTE (BH-adj)
143,1254,60,1.0,3,SignifiKANTE
144,1463,70,0.9152426520847572,3,SignifiKANTE (BH-adj)
145,1463,70,0.9562542720437456,3,SignifiKANTE
146,1672,80,0.8008373205741627,3,SignifiKANTE (BH-adj)
147,1672,80,0.8385167464114832,3,SignifiKANTE
148,1881,90,0.7118553960659224,3,SignifiKANTE (BH-adj)
149,1881,90,0.7453482190324295,3,SignifiKANTE
150,2090,100,0.6406698564593302,3,SignifiKANTE (BH-adj)
151,2090,100,0.6708133971291866,3,SignifiKANTE
152,15,1,1.0,4,SignifiKANTE (BH-adj)
153,15,1,1.0,4,SignifiKANTE
154,31,2,1.0,4,SignifiKANTE (BH-adj)
155,31,2,1.0,4,SignifiKANTE
156,47,3,1.0,4,SignifiKANTE (BH-adj)
157,47,3,1.0,4,SignifiKANTE
158,63,4,1.0,4,SignifiKANTE (BH-adj)
159,63,4,1.0,4,SignifiKANTE
160,79,5,1.0,4,SignifiKANTE (BH-adj)
161,79,5,1.0,4,SignifiKANTE
162,95,6,1.0,4,SignifiKANTE (BH-adj)
163,95,6,1.0,4,SignifiKANTE
164,111,7,1.0,4,SignifiKANTE (BH-adj)
165,111,7,1.0,4,SignifiKANTE
166,127,8,1.0,4,SignifiKANTE (BH-adj)
167,127,8,1.0,4,SignifiKANTE
168,143,9,1.0,4,SignifiKANTE (BH-adj)
169,143,9,1.0,4,SignifiKANTE
170,159,10,1.0,4,SignifiKANTE (BH-adj)
171,159,10,1.0,4,SignifiKANTE
172,318,20,1.0,4,SignifiKANTE (BH-adj)
173,318,20,1.0,4,SignifiKANTE
174,477,30,1.0,4,SignifiKANTE (BH-adj)
175,477,30,1.0,4,SignifiKANTE
176,636,40,1.0,4,SignifiKANTE (BH-adj)
177,636,40,1.0,4,SignifiKANTE
178,795,50,1.0,4,SignifiKANTE (BH-adj)
179,795,50,1.0,4,SignifiKANTE
180,954,60,0.9465408805031448,4,SignifiKANTE (BH-adj)
181,954,60,1.0,4,SignifiKANTE
182,1113,70,0.8122192273135669,4,SignifiKANTE (BH-adj)
183,1113,70,0.9002695417789758,4,SignifiKANTE
184,1272,80,0.710691823899371,4,SignifiKANTE (BH-adj)
185,1272,80,0.7877358490566038,4,SignifiKANTE
186,1431,90,0.6317260656883298,4,SignifiKANTE (BH-adj)
187,1431,90,0.70020964360587,4,SignifiKANTE
188,1590,100,0.5685534591194968,4,SignifiKANTE (BH-adj)
189,1590,100,0.630188679245283,4,SignifiKANTE
190,21,1,1.0,5,SignifiKANTE (BH-adj)
191,21,1,1.0,5,SignifiKANTE
192,43,2,1.0,5,SignifiKANTE (BH-adj)
193,43,2,1.0,5,SignifiKANTE
194,65,3,1.0,5,SignifiKANTE (BH-adj)
195,65,3,1.0,5,SignifiKANTE
196,87,4,1.0,5,SignifiKANTE (BH-adj)
197,87,4,1.0,5,SignifiKANTE
198,109,5,1.0,5,SignifiKANTE (BH-adj)
199,109,5,1.0,5,SignifiKANTE
200,131,6,1.0,5,SignifiKANTE (BH-adj)
201,131,6,1.0,5,SignifiKANTE
202,153,7,1.0,5,SignifiKANTE (BH-adj)
203,153,7,1.0,5,SignifiKANTE
204,175,8,1.0,5,SignifiKANTE (BH-adj)
205,175,8,1.0,5,SignifiKANTE
206,197,9,1.0,5,SignifiKANTE (BH-adj)
207,197,9,1.0,5,SignifiKANTE
208,219,10,1.0,5,SignifiKANTE (BH-adj)
209,219,10,1.0,5,SignifiKANTE
210,438,20,1.0,5,SignifiKANTE (BH-adj)
211,438,20,1.0,5,SignifiKANTE
212,657,30,1.0,5,SignifiKANTE (BH-adj)
213,657,30,1.0,5,SignifiKANTE
214,876,40,1.0,5,SignifiKANTE (BH-adj)
215,876,40,1.0,5,SignifiKANTE
216,1095,50,1.0,5,SignifiKANTE (BH-adj)
217,1095,50,1.0,5,SignifiKANTE
218,1314,60,0.9992389649923896,5,SignifiKANTE (BH-adj)
219,1314,60,1.0,5,SignifiKANTE
220,1533,70,0.9497716894977168,5,SignifiKANTE (BH-adj)
221,1533,70,0.9836921069797782,5,SignifiKANTE
222,1752,80,0.839041095890411,5,SignifiKANTE (BH-adj)
223,1752,80,0.8841324200913242,5,SignifiKANTE
224,1971,90,0.745814307458143,5,SignifiKANTE (BH-adj)
225,1971,90,0.7858954845256215,5,SignifiKANTE
226,2190,100,0.6712328767123288,5,SignifiKANTE (BH-adj)
227,2190,100,0.7073059360730594,5,SignifiKANTE
228,14,1,1.0,6,SignifiKANTE (BH-adj)
229,14,1,1.0,6,SignifiKANTE
230,29,2,1.0,6,SignifiKANTE (BH-adj)
231,29,2,1.0,6,SignifiKANTE
232,44,3,1.0,6,SignifiKANTE (BH-adj)
233,44,3,1.0,6,SignifiKANTE
234,59,4,1.0,6,SignifiKANTE (BH-adj)
235,59,4,1.0,6,SignifiKANTE
236,74,5,1.0,6,SignifiKANTE (BH-adj)
237,74,5,1.0,6,SignifiKANTE
238,89,6,1.0,6,SignifiKANTE (BH-adj)
239,89,6,1.0,6,SignifiKANTE
240,104,7,1.0,6,SignifiKANTE (BH-adj)
241,104,7,1.0,6,SignifiKANTE
242,119,8,1.0,6,SignifiKANTE (BH-adj)
243,119,8,1.0,6,SignifiKANTE
244,134,9,1.0,6,SignifiKANTE (BH-adj)
245,134,9,1.0,6,SignifiKANTE
246,149,10,1.0,6,SignifiKANTE (BH-adj)
247,149,10,1.0,6,SignifiKANTE
248,298,20,1.0,6,SignifiKANTE (BH-adj)
249,298,20,1.0,6,SignifiKANTE
250,447,30,1.0,6,SignifiKANTE (BH-adj)
251,447,30,1.0,6,SignifiKANTE
252,596,40,1.0,6,SignifiKANTE (BH-adj)
253,596,40,1.0,6,SignifiKANTE
254,745,50,0.970469798657718,6,SignifiKANTE (BH-adj)
255,745,50,1.0,6,SignifiKANTE
256,894,60,0.8411633109619687,6,SignifiKANTE (BH-adj)
257,894,60,0.9507829977628636,6,SignifiKANTE
258,1043,70,0.7209971236816874,6,SignifiKANTE (BH-adj)
259,1043,70,0.8245445829338447,6,SignifiKANTE
260,1192,80,0.6308724832214765,6,SignifiKANTE (BH-adj)
261,1192,80,0.7214765100671141,6,SignifiKANTE
262,1341,90,0.5607755406413124,6,SignifiKANTE (BH-adj)
263,1341,90,0.6413124533929903,6,SignifiKANTE
264,1490,100,0.5046979865771812,6,SignifiKANTE (BH-adj)
265,1490,100,0.5771812080536913,6,SignifiKANTE
266,7,1,1.0,7,SignifiKANTE (BH-adj)
267,7,1,1.0,7,SignifiKANTE
268,14,2,1.0,7,SignifiKANTE (BH-adj)
269,14,2,1.0,7,SignifiKANTE
270,21,3,1.0,7,SignifiKANTE (BH-adj)
271,21,3,1.0,7,SignifiKANTE
272,28,4,1.0,7,SignifiKANTE (BH-adj)
273,28,4,1.0,7,SignifiKANTE
274,35,5,1.0,7,SignifiKANTE (BH-adj)
275,35,5,1.0,7,SignifiKANTE
276,42,6,1.0,7,SignifiKANTE (BH-adj)
277,42,6,1.0,7,SignifiKANTE
278,49,7,1.0,7,SignifiKANTE (BH-adj)
279,49,7,1.0,7,SignifiKANTE
280,56,8,1.0,7,SignifiKANTE (BH-adj)
281,56,8,1.0,7,SignifiKANTE
282,63,9,1.0,7,SignifiKANTE (BH-adj)
283,63,9,1.0,7,SignifiKANTE
284,71,10,1.0,7,SignifiKANTE (BH-adj)
285,71,10,1.0,7,SignifiKANTE
286,142,20,1.0,7,SignifiKANTE (BH-adj)
287,142,20,1.0,7,SignifiKANTE
288,213,30,1.0,7,SignifiKANTE (BH-adj)
289,213,30,1.0,7,SignifiKANTE
290,284,40,1.0,7,SignifiKANTE (BH-adj)
291,284,40,1.0,7,SignifiKANTE
292,355,50,1.0,7,SignifiKANTE (BH-adj)
293,355,50,1.0,7,SignifiKANTE
294,426,60,1.0,7,SignifiKANTE (BH-adj)
295,426,60,1.0,7,SignifiKANTE
296,497,70,0.959758551307847,7,SignifiKANTE (BH-adj)
297,497,70,0.993963782696177,7,SignifiKANTE
298,568,80,0.8415492957746479,7,SignifiKANTE (BH-adj)
299,568,80,0.8926056338028169,7,SignifiKANTE
300,639,90,0.7480438184663537,7,SignifiKANTE (BH-adj)
301,639,90,0.7934272300469484,7,SignifiKANTE
302,711,100,0.6722925457102672,7,SignifiKANTE (BH-adj)
303,711,100,0.7130801687763713,7,SignifiKANTE
304,16,1,1.0,8,SignifiKANTE (BH-adj)
305,16,1,1.0,8,SignifiKANTE
306,33,2,1.0,8,SignifiKANTE (BH-adj)
307,33,2,1.0,8,SignifiKANTE
308,50,3,1.0,8,SignifiKANTE (BH-adj)
309,50,3,1.0,8,SignifiKANTE
310,67,4,1.0,8,SignifiKANTE (BH-adj)
311,67,4,1.0,8,SignifiKANTE
312,84,5,1.0,8,SignifiKANTE (BH-adj)
313,84,5,1.0,8,SignifiKANTE
314,101,6,1.0,8,SignifiKANTE (BH-adj)
315,101,6,1.0,8,SignifiKANTE
316,118,7,1.0,8,SignifiKANTE (BH-adj)
317,118,7,1.0,8,SignifiKANTE
318,135,8,1.0,8,SignifiKANTE (BH-adj)
319,135,8,1.0,8,SignifiKANTE
320,152,9,1.0,8,SignifiKANTE (BH-adj)
321,152,9,1.0,8,SignifiKANTE
322,169,10,1.0,8,SignifiKANTE (BH-adj)
323,169,10,1.0,8,SignifiKANTE
324,338,20,1.0,8,SignifiKANTE (BH-adj)
325,338,20,1.0,8,SignifiKANTE
326,507,30,1.0,8,SignifiKANTE (BH-adj)
327,507,30,1.0,8,SignifiKANTE
328,676,40,1.0,8,SignifiKANTE (BH-adj)
329,676,40,1.0,8,SignifiKANTE
330,845,50,1.0,8,SignifiKANTE (BH-adj)
331,845,50,1.0,8,SignifiKANTE
332,1014,60,1.0,8,SignifiKANTE (BH-adj)
333,1014,60,1.0,8,SignifiKANTE
334,1183,70,0.9526627218934912,8,SignifiKANTE (BH-adj)
335,1183,70,0.9881656804733728,8,SignifiKANTE
336,1352,80,0.8439349112426036,8,SignifiKANTE (BH-adj)
337,1352,80,0.8920118343195266,8,SignifiKANTE
338,1521,90,0.7501643655489809,8,SignifiKANTE (BH-adj)
339,1521,90,0.7928994082840237,8,SignifiKANTE
340,1690,100,0.6751479289940828,8,SignifiKANTE (BH-adj)
341,1690,100,0.7136094674556213,8,SignifiKANTE
342,17,1,1.0,9,SignifiKANTE (BH-adj)
343,17,1,1.0,9,SignifiKANTE
344,35,2,1.0,9,SignifiKANTE (BH-adj)
345,35,2,1.0,9,SignifiKANTE
346,53,3,1.0,9,SignifiKANTE (BH-adj)
347,53,3,1.0,9,SignifiKANTE
348,71,4,1.0,9,SignifiKANTE (BH-adj)
349,71,4,1.0,9,SignifiKANTE
350,89,5,1.0,9,SignifiKANTE (BH-adj)
351,89,5,1.0,9,SignifiKANTE
352,107,6,1.0,9,SignifiKANTE (BH-adj)
353,107,6,1.0,9,SignifiKANTE
354,125,7,1.0,9,SignifiKANTE (BH-adj)
355,125,7,1.0,9,SignifiKANTE
356,143,8,1.0,9,SignifiKANTE (BH-adj)
357,143,8,1.0,9,SignifiKANTE
358,161,9,1.0,9,SignifiKANTE (BH-adj)
359,161,9,1.0,9,SignifiKANTE
360,179,10,1.0,9,SignifiKANTE (BH-adj)
361,179,10,1.0,9,SignifiKANTE
362,358,20,1.0,9,SignifiKANTE (BH-adj)
363,358,20,1.0,9,SignifiKANTE
364,537,30,1.0,9,SignifiKANTE (BH-adj)
365,537,30,1.0,9,SignifiKANTE
366,716,40,1.0,9,SignifiKANTE (BH-adj)
367,716,40,1.0,9,SignifiKANTE
368,895,50,1.0,9,SignifiKANTE (BH-adj)
369,895,50,1.0,9,SignifiKANTE
370,1074,60,0.9804469273743016,9,SignifiKANTE (BH-adj)
371,1074,60,0.9972067039106144,9,SignifiKANTE
372,1253,70,0.879489225857941,9,SignifiKANTE (BH-adj)
373,1253,70,0.9521149241819632,9,SignifiKANTE
374,1432,80,0.7695530726256983,9,SignifiKANTE (BH-adj)
375,1432,80,0.8344972067039106,9,SignifiKANTE
376,1611,90,0.6840471756672873,9,SignifiKANTE (BH-adj)
377,1611,90,0.7417752948479206,9,SignifiKANTE
378,1791,100,0.6152987158012284,9,SignifiKANTE (BH-adj)
379,1791,100,0.6672250139586823,9,SignifiKANTE
0,59,1,1.0,0,SignifiKANTE (BH-adj)
1,59,1,1.0,0,SignifiKANTE
2,119,2,1.0,0,SignifiKANTE (BH-adj)
3,119,2,1.0,0,SignifiKANTE
4,179,3,1.0,0,SignifiKANTE (BH-adj)
5,179,3,1.0,0,SignifiKANTE
6,239,4,1.0,0,SignifiKANTE (BH-adj)
7,239,4,1.0,0,SignifiKANTE
8,298,5,1.0,0,SignifiKANTE (BH-adj)
9,298,5,1.0,0,SignifiKANTE
10,358,6,1.0,0,SignifiKANTE (BH-adj)
11,358,6,1.0,0,SignifiKANTE
12,418,7,1.0,0,SignifiKANTE (BH-adj)
13,418,7,1.0,0,SignifiKANTE
14,478,8,1.0,0,SignifiKANTE (BH-adj)
15,478,8,1.0,0,SignifiKANTE
16,538,9,1.0,0,SignifiKANTE (BH-adj)
17,538,9,1.0,0,SignifiKANTE
18,597,10,1.0,0,SignifiKANTE (BH-adj)
19,597,10,1.0,0,SignifiKANTE
20,1195,20,1.0,0,SignifiKANTE (BH-adj)
21,1195,20,1.0,0,SignifiKANTE
22,1793,30,1.0,0,SignifiKANTE (BH-adj)
23,1793,30,1.0,0,SignifiKANTE
24,2391,40,1.0,0,SignifiKANTE (BH-adj)
25,2391,40,1.0,0,SignifiKANTE
26,2989,50,1.0,0,SignifiKANTE (BH-adj)
27,2989,50,1.0,0,SignifiKANTE
28,3586,60,0.9785276073619632,0,SignifiKANTE (BH-adj)
29,3586,60,1.0,0,SignifiKANTE
30,4184,70,0.8616156787762906,0,SignifiKANTE (BH-adj)
31,4184,70,0.9383365200764818,0,SignifiKANTE
32,4782,80,0.7567963195315768,0,SignifiKANTE (BH-adj)
33,4782,80,0.8312421580928482,0,SignifiKANTE
34,5380,90,0.6726765799256506,0,SignifiKANTE (BH-adj)
35,5380,90,0.7388475836431226,0,SignifiKANTE
36,5978,100,0.6053864168618267,0,SignifiKANTE (BH-adj)
37,5978,100,0.664938106390097,0,SignifiKANTE
38,51,1,1.0,1,SignifiKANTE (BH-adj)
39,51,1,1.0,1,SignifiKANTE
40,103,2,1.0,1,SignifiKANTE (BH-adj)
41,103,2,1.0,1,SignifiKANTE
42,155,3,1.0,1,SignifiKANTE (BH-adj)
43,155,3,1.0,1,SignifiKANTE
44,207,4,1.0,1,SignifiKANTE (BH-adj)
45,207,4,1.0,1,SignifiKANTE
46,258,5,1.0,1,SignifiKANTE (BH-adj)
47,258,5,1.0,1,SignifiKANTE
48,310,6,1.0,1,SignifiKANTE (BH-adj)
49,310,6,1.0,1,SignifiKANTE
50,362,7,1.0,1,SignifiKANTE (BH-adj)
51,362,7,1.0,1,SignifiKANTE
52,414,8,1.0,1,SignifiKANTE (BH-adj)
53,414,8,1.0,1,SignifiKANTE
54,466,9,1.0,1,SignifiKANTE (BH-adj)
55,466,9,1.0,1,SignifiKANTE
56,517,10,1.0,1,SignifiKANTE (BH-adj)
57,517,10,1.0,1,SignifiKANTE
58,1035,20,1.0,1,SignifiKANTE (BH-adj)
59,1035,20,1.0,1,SignifiKANTE
60,1553,30,1.0,1,SignifiKANTE (BH-adj)
61,1553,30,1.0,1,SignifiKANTE
62,2071,40,0.9985514244326412,1,SignifiKANTE (BH-adj)
63,2071,40,1.0,1,SignifiKANTE
64,2589,50,0.9517188103514872,1,SignifiKANTE (BH-adj)
65,2589,50,0.9988412514484356,1,SignifiKANTE
66,3107,60,0.818474412616672,1,SignifiKANTE (BH-adj)
67,3107,60,0.9565497264242034,1,SignifiKANTE
68,3625,70,0.7015172413793104,1,SignifiKANTE (BH-adj)
69,3625,70,0.8380689655172414,1,SignifiKANTE
70,4143,80,0.6138064204682597,1,SignifiKANTE (BH-adj)
71,4143,80,0.7332850591358918,1,SignifiKANTE
72,4661,90,0.5455910748766359,1,SignifiKANTE (BH-adj)
73,4661,90,0.6517914610598584,1,SignifiKANTE
74,5179,100,0.4910214327090171,1,SignifiKANTE (BH-adj)
75,5179,100,0.5865997296775439,1,SignifiKANTE
76,67,1,1.0,2,SignifiKANTE (BH-adj)
77,67,1,1.0,2,SignifiKANTE
78,135,2,1.0,2,SignifiKANTE (BH-adj)
79,135,2,1.0,2,SignifiKANTE
80,203,3,1.0,2,SignifiKANTE (BH-adj)
81,203,3,1.0,2,SignifiKANTE
82,270,4,1.0,2,SignifiKANTE (BH-adj)
83,270,4,1.0,2,SignifiKANTE
84,338,5,1.0,2,SignifiKANTE (BH-adj)
85,338,5,1.0,2,SignifiKANTE
86,406,6,1.0,2,SignifiKANTE (BH-adj)
87,406,6,1.0,2,SignifiKANTE
88,474,7,1.0,2,SignifiKANTE (BH-adj)
89,474,7,1.0,2,SignifiKANTE
90,541,8,1.0,2,SignifiKANTE (BH-adj)
91,541,8,1.0,2,SignifiKANTE
92,609,9,1.0,2,SignifiKANTE (BH-adj)
93,609,9,1.0,2,SignifiKANTE
94,677,10,1.0,2,SignifiKANTE (BH-adj)
95,677,10,1.0,2,SignifiKANTE
96,1354,20,1.0,2,SignifiKANTE (BH-adj)
97,1354,20,1.0,2,SignifiKANTE
98,2032,30,0.9640748031496064,2,SignifiKANTE (BH-adj)
99,2032,30,1.0,2,SignifiKANTE
100,2709,40,0.7718715393133998,2,SignifiKANTE (BH-adj)
101,2709,40,0.9907715023994094,2,SignifiKANTE
102,3387,50,0.6173604960141719,2,SignifiKANTE (BH-adj)
103,3387,50,0.8816061411278417,2,SignifiKANTE
104,4064,60,0.5145177165354331,2,SignifiKANTE (BH-adj)
105,4064,60,0.7448326771653543,2,SignifiKANTE
106,4741,70,0.441046192786332,2,SignifiKANTE (BH-adj)
107,4741,70,0.6384728960134992,2,SignifiKANTE
108,5419,80,0.3858645506551024,2,SignifiKANTE (BH-adj)
109,5419,80,0.5585901457833549,2,SignifiKANTE
110,6096,90,0.343011811023622,2,SignifiKANTE (BH-adj)
111,6096,90,0.4965551181102362,2,SignifiKANTE
112,6774,100,0.3086802480070859,2,SignifiKANTE (BH-adj)
113,6774,100,0.4468556244464127,2,SignifiKANTE
114,65,1,1.0,3,SignifiKANTE (BH-adj)
115,65,1,1.0,3,SignifiKANTE
116,131,2,1.0,3,SignifiKANTE (BH-adj)
117,131,2,1.0,3,SignifiKANTE
118,197,3,1.0,3,SignifiKANTE (BH-adj)
119,197,3,1.0,3,SignifiKANTE
120,263,4,1.0,3,SignifiKANTE (BH-adj)
121,263,4,1.0,3,SignifiKANTE
122,328,5,1.0,3,SignifiKANTE (BH-adj)
123,328,5,1.0,3,SignifiKANTE
124,394,6,1.0,3,SignifiKANTE (BH-adj)
125,394,6,1.0,3,SignifiKANTE
126,460,7,1.0,3,SignifiKANTE (BH-adj)
127,460,7,1.0,3,SignifiKANTE
128,526,8,1.0,3,SignifiKANTE (BH-adj)
129,526,8,1.0,3,SignifiKANTE
130,592,9,1.0,3,SignifiKANTE (BH-adj)
131,592,9,1.0,3,SignifiKANTE
132,657,10,1.0,3,SignifiKANTE (BH-adj)
133,657,10,1.0,3,SignifiKANTE
134,1315,20,1.0,3,SignifiKANTE (BH-adj)
135,1315,20,1.0,3,SignifiKANTE
136,1973,30,1.0,3,SignifiKANTE (BH-adj)
137,1973,30,1.0,3,SignifiKANTE
138,2631,40,0.9912580767768908,3,SignifiKANTE (BH-adj)
139,2631,40,1.0,3,SignifiKANTE
140,3289,50,0.8519306780176346,3,SignifiKANTE (BH-adj)
141,3289,50,0.9927029492246884,3,SignifiKANTE
142,3946,60,0.7176887987835783,3,SignifiKANTE (BH-adj)
143,3946,60,0.863659401926001,3,SignifiKANTE
144,4604,70,0.6151172893136403,3,SignifiKANTE (BH-adj)
145,4604,70,0.751737619461338,3,SignifiKANTE
146,5262,80,0.5381984036488028,3,SignifiKANTE (BH-adj)
147,5262,80,0.6577347016343595,3,SignifiKANTE
148,5920,90,0.4783783783783784,3,SignifiKANTE (BH-adj)
149,5920,90,0.5846283783783783,3,SignifiKANTE
150,6578,100,0.430525995743387,3,SignifiKANTE (BH-adj)
151,6578,100,0.5261477652782001,3,SignifiKANTE
152,41,1,1.0,4,SignifiKANTE (BH-adj)
153,41,1,1.0,4,SignifiKANTE
154,83,2,1.0,4,SignifiKANTE (BH-adj)
155,83,2,1.0,4,SignifiKANTE
156,125,3,1.0,4,SignifiKANTE (BH-adj)
157,125,3,1.0,4,SignifiKANTE
158,167,4,1.0,4,SignifiKANTE (BH-adj)
159,167,4,1.0,4,SignifiKANTE
160,208,5,1.0,4,SignifiKANTE (BH-adj)
161,208,5,1.0,4,SignifiKANTE
162,250,6,1.0,4,SignifiKANTE (BH-adj)
163,250,6,1.0,4,SignifiKANTE
164,292,7,1.0,4,SignifiKANTE (BH-adj)
165,292,7,1.0,4,SignifiKANTE
166,334,8,1.0,4,SignifiKANTE (BH-adj)
167,334,8,1.0,4,SignifiKANTE
168,376,9,1.0,4,SignifiKANTE (BH-adj)
169,376,9,1.0,4,SignifiKANTE
170,417,10,1.0,4,SignifiKANTE (BH-adj)
171,417,10,1.0,4,SignifiKANTE
172,835,20,1.0,4,SignifiKANTE (BH-adj)
173,835,20,1.0,4,SignifiKANTE
174,1253,30,1.0,4,SignifiKANTE (BH-adj)
175,1253,30,1.0,4,SignifiKANTE
176,1671,40,0.9796529024536206,4,SignifiKANTE (BH-adj)
177,1671,40,1.0,4,SignifiKANTE
178,2089,50,0.8492101483963619,4,SignifiKANTE (BH-adj)
179,2089,50,0.9985639061752034,4,SignifiKANTE
180,2507,60,0.7100119664938173,4,SignifiKANTE (BH-adj)
181,2507,60,0.8942959712804148,4,SignifiKANTE
182,2925,70,0.6085470085470085,4,SignifiKANTE (BH-adj)
183,2925,70,0.770940170940171,4,SignifiKANTE
184,3343,80,0.5324558779539336,4,SignifiKANTE (BH-adj)
185,3343,80,0.6745438229135508,4,SignifiKANTE
186,3761,90,0.4732783834086679,4,SignifiKANTE (BH-adj)
187,3761,90,0.5995745812283967,4,SignifiKANTE
188,4179,100,0.4259392199090691,4,SignifiKANTE (BH-adj)
189,4179,100,0.5396027757836803,4,SignifiKANTE
190,57,1,1.0,5,SignifiKANTE (BH-adj)
191,57,1,1.0,5,SignifiKANTE
192,115,2,1.0,5,SignifiKANTE (BH-adj)
193,115,2,1.0,5,SignifiKANTE
194,173,3,1.0,5,SignifiKANTE (BH-adj)
195,173,3,1.0,5,SignifiKANTE
196,231,4,1.0,5,SignifiKANTE (BH-adj)
197,231,4,1.0,5,SignifiKANTE
198,288,5,1.0,5,SignifiKANTE (BH-adj)
199,288,5,1.0,5,SignifiKANTE
200,346,6,1.0,5,SignifiKANTE (BH-adj)
201,346,6,1.0,5,SignifiKANTE
202,404,7,1.0,5,SignifiKANTE (BH-adj)
203,404,7,1.0,5,SignifiKANTE
204,462,8,1.0,5,SignifiKANTE (BH-adj)
205,462,8,1.0,5,SignifiKANTE
206,519,9,1.0,5,SignifiKANTE (BH-adj)
207,519,9,1.0,5,SignifiKANTE
208,577,10,1.0,5,SignifiKANTE (BH-adj)
209,577,10,1.0,5,SignifiKANTE
210,1155,20,1.0,5,SignifiKANTE (BH-adj)
211,1155,20,1.0,5,SignifiKANTE
212,1733,30,0.9988459319099828,5,SignifiKANTE (BH-adj)
213,1733,30,1.0,5,SignifiKANTE
214,2310,40,0.9766233766233766,5,SignifiKANTE (BH-adj)
215,2310,40,0.9995670995670995,5,SignifiKANTE
216,2888,50,0.8483379501385041,5,SignifiKANTE (BH-adj)
217,2888,50,0.9875346260387812,5,SignifiKANTE
218,3466,60,0.7114829774956722,5,SignifiKANTE (BH-adj)
219,3466,60,0.8710328909405655,5,SignifiKANTE
220,4043,70,0.6099431115508286,5,SignifiKANTE (BH-adj)
221,4043,70,0.7506801879792233,5,SignifiKANTE
222,4621,80,0.5336507249513093,5,SignifiKANTE (BH-adj)
223,4621,80,0.656784245834235,5,SignifiKANTE
224,5199,90,0.4743219849971148,5,SignifiKANTE (BH-adj)
225,5199,90,0.5837661088670898,5,SignifiKANTE
226,5777,100,0.4268651549247014,5,SignifiKANTE (BH-adj)
227,5777,100,0.5253591829669378,5,SignifiKANTE
228,49,1,1.0,6,SignifiKANTE (BH-adj)
229,49,1,1.0,6,SignifiKANTE
230,99,2,1.0,6,SignifiKANTE (BH-adj)
231,99,2,1.0,6,SignifiKANTE
232,149,3,1.0,6,SignifiKANTE (BH-adj)
233,149,3,1.0,6,SignifiKANTE
234,199,4,1.0,6,SignifiKANTE (BH-adj)
235,199,4,1.0,6,SignifiKANTE
236,249,5,1.0,6,SignifiKANTE (BH-adj)
237,249,5,1.0,6,SignifiKANTE
238,298,6,1.0,6,SignifiKANTE (BH-adj)
239,298,6,1.0,6,SignifiKANTE
240,348,7,1.0,6,SignifiKANTE (BH-adj)
241,348,7,1.0,6,SignifiKANTE
242,398,8,1.0,6,SignifiKANTE (BH-adj)
243,398,8,1.0,6,SignifiKANTE
244,448,9,1.0,6,SignifiKANTE (BH-adj)
245,448,9,1.0,6,SignifiKANTE
246,498,10,1.0,6,SignifiKANTE (BH-adj)
247,498,10,1.0,6,SignifiKANTE
248,996,20,1.0,6,SignifiKANTE (BH-adj)
249,996,20,1.0,6,SignifiKANTE
250,1494,30,0.999330655957162,6,SignifiKANTE (BH-adj)
251,1494,30,1.0,6,SignifiKANTE
252,1992,40,0.8634538152610441,6,SignifiKANTE (BH-adj)
253,1992,40,1.0,6,SignifiKANTE
254,2490,50,0.6939759036144578,6,SignifiKANTE (BH-adj)
255,2490,50,0.9281124497991968,6,SignifiKANTE
256,2988,60,0.5783132530120482,6,SignifiKANTE (BH-adj)
257,2988,60,0.7797858099062919,6,SignifiKANTE
258,3486,70,0.495697074010327,6,SignifiKANTE (BH-adj)
259,3486,70,0.6683878370625359,6,SignifiKANTE
260,3984,80,0.4337349397590361,6,SignifiKANTE (BH-adj)
261,3984,80,0.5848393574297188,6,SignifiKANTE
262,4482,90,0.3855421686746988,6,SignifiKANTE (BH-adj)
263,4482,90,0.5198572066041945,6,SignifiKANTE
264,4980,100,0.3469879518072289,6,SignifiKANTE (BH-adj)
265,4980,100,0.4678714859437751,6,SignifiKANTE
266,51,1,1.0,7,SignifiKANTE (BH-adj)
267,51,1,1.0,7,SignifiKANTE
268,102,2,1.0,7,SignifiKANTE (BH-adj)
269,102,2,1.0,7,SignifiKANTE
270,153,3,1.0,7,SignifiKANTE (BH-adj)
271,153,3,1.0,7,SignifiKANTE
272,204,4,1.0,7,SignifiKANTE (BH-adj)
273,204,4,1.0,7,SignifiKANTE
274,255,5,1.0,7,SignifiKANTE (BH-adj)
275,255,5,1.0,7,SignifiKANTE
276,306,6,1.0,7,SignifiKANTE (BH-adj)
277,306,6,1.0,7,SignifiKANTE
278,357,7,1.0,7,SignifiKANTE (BH-adj)
279,357,7,1.0,7,SignifiKANTE
280,408,8,1.0,7,SignifiKANTE (BH-adj)
281,408,8,1.0,7,SignifiKANTE
282,459,9,1.0,7,SignifiKANTE (BH-adj)
283,459,9,1.0,7,SignifiKANTE
284,511,10,1.0,7,SignifiKANTE (BH-adj)
285,511,10,1.0,7,SignifiKANTE
286,1022,20,1.0,7,SignifiKANTE (BH-adj)
287,1022,20,1.0,7,SignifiKANTE
288,1533,30,1.0,7,SignifiKANTE (BH-adj)
289,1533,30,1.0,7,SignifiKANTE
290,2044,40,1.0,7,SignifiKANTE (BH-adj)
291,2044,40,1.0,7,SignifiKANTE
292,2555,50,0.9984344422700588,7,SignifiKANTE (BH-adj)
293,2555,50,1.0,7,SignifiKANTE
294,3066,60,0.8897586431833007,7,SignifiKANTE (BH-adj)
295,3066,60,0.9709719504240052,7,SignifiKANTE
296,3577,70,0.7626502655856864,7,SignifiKANTE (BH-adj)
297,3577,70,0.8350573105954711,7,SignifiKANTE
298,4088,80,0.6673189823874756,7,SignifiKANTE (BH-adj)
299,4088,80,0.7306751467710372,7,SignifiKANTE
300,4599,90,0.5931724287888671,7,SignifiKANTE (BH-adj)
301,4599,90,0.6494890193520331,7,SignifiKANTE
302,5111,100,0.5337507337116024,7,SignifiKANTE (BH-adj)
303,5111,100,0.5844257483858345,7,SignifiKANTE
304,57,1,1.0,8,SignifiKANTE (BH-adj)
305,57,1,1.0,8,SignifiKANTE
306,115,2,1.0,8,SignifiKANTE (BH-adj)
307,115,2,1.0,8,SignifiKANTE
308,173,3,1.0,8,SignifiKANTE (BH-adj)
309,173,3,1.0,8,SignifiKANTE
310,231,4,1.0,8,SignifiKANTE (BH-adj)
311,231,4,1.0,8,SignifiKANTE
312,288,5,1.0,8,SignifiKANTE (BH-adj)
313,288,5,1.0,8,SignifiKANTE
314,346,6,1.0,8,SignifiKANTE (BH-adj)
315,346,6,1.0,8,SignifiKANTE
316,404,7,1.0,8,SignifiKANTE (BH-adj)
317,404,7,1.0,8,SignifiKANTE
318,462,8,1.0,8,SignifiKANTE (BH-adj)
319,462,8,1.0,8,SignifiKANTE
320,519,9,1.0,8,SignifiKANTE (BH-adj)
321,519,9,1.0,8,SignifiKANTE
322,577,10,1.0,8,SignifiKANTE (BH-adj)
323,577,10,1.0,8,SignifiKANTE
324,1155,20,1.0,8,SignifiKANTE (BH-adj)
325,1155,20,1.0,8,SignifiKANTE
326,1732,30,1.0,8,SignifiKANTE (BH-adj)
327,1732,30,1.0,8,SignifiKANTE
328,2310,40,0.9731601731601732,8,SignifiKANTE (BH-adj)
329,2310,40,1.0,8,SignifiKANTE
330,2887,50,0.856252164877035,8,SignifiKANTE (BH-adj)
331,2887,50,0.99445791479044,8,SignifiKANTE
332,3465,60,0.7183261183261184,8,SignifiKANTE (BH-adj)
333,3465,60,0.9093795093795094,8,SignifiKANTE
334,4042,70,0.61578426521524,8,SignifiKANTE (BH-adj)
335,4042,70,0.7916872835230084,8,SignifiKANTE
336,4620,80,0.5387445887445887,8,SignifiKANTE (BH-adj)
337,4620,80,0.6926406926406926,8,SignifiKANTE
338,5197,90,0.4789301520107754,8,SignifiKANTE (BH-adj)
339,5197,90,0.6157398499134116,8,SignifiKANTE
340,5775,100,0.430995670995671,8,SignifiKANTE (BH-adj)
341,5775,100,0.5541125541125541,8,SignifiKANTE
342,63,1,1.0,9,SignifiKANTE (BH-adj)
343,63,1,1.0,9,SignifiKANTE
344,127,2,1.0,9,SignifiKANTE (BH-adj)
345,127,2,1.0,9,SignifiKANTE
346,191,3,1.0,9,SignifiKANTE (BH-adj)
347,191,3,1.0,9,SignifiKANTE
348,255,4,1.0,9,SignifiKANTE (BH-adj)
349,255,4,1.0,9,SignifiKANTE
350,318,5,1.0,9,SignifiKANTE (BH-adj)
351,318,5,1.0,9,SignifiKANTE
352,382,6,1.0,9,SignifiKANTE (BH-adj)
353,382,6,1.0,9,SignifiKANTE
354,446,7,1.0,9,SignifiKANTE (BH-adj)
355,446,7,1.0,9,SignifiKANTE
356,510,8,1.0,9,SignifiKANTE (BH-adj)
357,510,8,1.0,9,SignifiKANTE
358,573,9,1.0,9,SignifiKANTE (BH-adj)
359,573,9,1.0,9,SignifiKANTE
360,637,10,1.0,9,SignifiKANTE (BH-adj)
361,637,10,1.0,9,SignifiKANTE
362,1275,20,1.0,9,SignifiKANTE (BH-adj)
363,1275,20,1.0,9,SignifiKANTE
364,1913,30,1.0,9,SignifiKANTE (BH-adj)
365,1913,30,1.0,9,SignifiKANTE
366,2550,40,0.99921568627451,9,SignifiKANTE (BH-adj)
367,2550,40,1.0,9,SignifiKANTE
368,3188,50,0.9313048933500628,9,SignifiKANTE (BH-adj)
369,3188,50,0.9996863237139272,9,SignifiKANTE
370,3826,60,0.7901202300052274,9,SignifiKANTE (BH-adj)
371,3826,60,0.9265551489806586,9,SignifiKANTE
372,4463,70,0.6773470759578759,9,SignifiKANTE (BH-adj)
373,4463,70,0.8005825677795205,9,SignifiKANTE
374,5101,80,0.5926288962948442,9,SignifiKANTE (BH-adj)
375,5101,80,0.7004508919819643,9,SignifiKANTE
376,5739,90,0.5267468200034849,9,SignifiKANTE (BH-adj)
377,5739,90,0.6225823314166231,9,SignifiKANTE
378,6377,100,0.4740473576917046,9,SignifiKANTE (BH-adj)
379,6377,100,0.5602948094715383,9,SignifiKANTE
